{"file":"assets1.png","frames":{
"tips":{"x":1,"y":1,"w":480,"h":756,"offX":0,"offY":0,"sourceW":480,"sourceH":756},
"btnAgain":{"x":1447,"y":1,"w":138,"h":53,"offX":5,"offY":1,"sourceW":146,"sourceH":56},
"btnLing":{"x":1447,"y":56,"w":138,"h":53,"offX":4,"offY":2,"sourceW":144,"sourceH":55},
"btnShare":{"x":1447,"y":111,"w":119,"h":59,"offX":4,"offY":1,"sourceW":125,"sourceH":61},
"num1":{"x":793,"y":759,"w":394,"h":255,"offX":3,"offY":11,"sourceW":402,"sourceH":266},
"num2":{"x":1189,"y":759,"w":394,"h":255,"offX":3,"offY":8,"sourceW":402,"sourceH":265},
"num3":{"x":1,"y":759,"w":394,"h":255,"offX":3,"offY":8,"sourceW":402,"sourceH":265},
"num4":{"x":397,"y":759,"w":394,"h":255,"offX":3,"offY":8,"sourceW":402,"sourceH":265},
"overbg":{"x":483,"y":1,"w":480,"h":756,"offX":0,"offY":0,"sourceW":480,"sourceH":756},
"share":{"x":965,"y":1,"w":480,"h":756,"offX":0,"offY":0,"sourceW":480,"sourceH":756}}}