{"file":"assets.png","frames":{
"title":{"x":965,"y":1,"w":410,"h":311,"offX":0,"offY":0,"sourceW":410,"sourceH":311},
"yanjing":{"x":80,"y":989,"w":56,"h":21,"offX":0,"offY":0,"sourceW":56,"sourceH":21},
"btnClose":{"x":275,"y":966,"w":38,"h":41,"offX":0,"offY":0,"sourceW":38,"sourceH":41},
"btnGo":{"x":349,"y":759,"w":203,"h":78,"offX":0,"offY":0,"sourceW":203,"sourceH":78},
"btnGui":{"x":80,"y":966,"w":111,"h":21,"offX":0,"offY":0,"sourceW":111,"sourceH":21},
"btnMusicOff":{"x":193,"y":966,"w":39,"h":40,"offX":0,"offY":0,"sourceW":39,"sourceH":40},
"btnMusicOn":{"x":234,"y":966,"w":39,"h":40,"offX":0,"offY":0,"sourceW":39,"sourceH":40},
"carh":{"x":1,"y":966,"w":77,"h":43,"offX":0,"offY":0,"sourceW":77,"sourceH":43},
"carq":{"x":1,"y":759,"w":346,"h":205,"offX":0,"offY":0,"sourceW":346,"sourceH":205},
"guize":{"x":1,"y":1,"w":480,"h":756,"offX":0,"offY":0,"sourceW":480,"sourceH":756},
"startbg":{"x":483,"y":1,"w":480,"h":756,"offX":0,"offY":0,"sourceW":480,"sourceH":756}}}