{"file":"game.png","frames":{
"game_box1_png":{"x":1,"y":104,"w":72,"h":102,"offX":0,"offY":0,"sourceW":72,"sourceH":102},
"game_box2_png":{"x":150,"y":104,"w":71,"h":100,"offX":0,"offY":0,"sourceW":71,"sourceH":100},
"game_box3_png":{"x":1,"y":1,"w":73,"h":101,"offX":0,"offY":0,"sourceW":73,"sourceH":101},
"game_box4_png":{"x":75,"y":104,"w":73,"h":100,"offX":0,"offY":0,"sourceW":73,"sourceH":100},
"game_oil_png":{"x":1,"y":208,"w":21,"h":22,"offX":0,"offY":0,"sourceW":21,"sourceH":22},
"game_add_png":{"x":75,"y":206,"w":37,"h":24,"offX":0,"offY":0,"sourceW":37,"sourceH":24}}}