{"mc":{
	"tt":{
		"frameRate":25,
		"events":[
			
			],
		"frames":[
			
			{
			"res":"967BA58",
			"x":110,
			"y":50
			},
			{
			"res":"295F75A9",
			"x":110,
			"y":50
			},
			{
			"res":"D6F083DA",
			"x":110,
			"y":50
			},
			{
			"res":"B7F45A9F",
			"x":110,
			"y":50
			},
			{
			"res":"769FE8E0",
			"x":110,
			"y":50
			},
			{
			"res":"83B3010D",
			"x":110,
			"y":50
			},
			{
			"res":"9E433D19",
			"x":110,
			"y":50
			},
			{
			"res":"E24E399D",
			"x":110,
			"y":50
			},
			{
			"res":"30739CA5",
			"x":110,
			"y":50
			},
			{
			"res":"90B40BA1",
			"x":110,
			"y":50
			},
			{
			"res":"45CC4EB5",
			"x":110,
			"y":50
			},
			{
			"res":"15D563CD",
			"x":110,
			"y":50
			},
			{
			"res":"F7D0B668",
			"x":110,
			"y":50
			},
			{
			"res":"8BCA5853",
			"x":110,
			"y":50
			},
			{
			"res":"B6A9CF62",
			"x":110,
			"y":50
			},
			{
			"res":"EA8A76D",
			"x":110,
			"y":50
			},
			{
			"res":"4C883FBE",
			"x":110,
			"y":50
			},
			{
			"res":"3841F827",
			"x":110,
			"y":50
			},
			{
			"res":"DDACE4A8",
			"x":110,
			"y":50
			},
			{
			"res":"9518A63A",
			"x":110,
			"y":50
			}
			]
}},
	"res":{
		"967BA58":{"x":1,"y":1,"w":114,"h":157},
		"295F75A9":{"x":1,"y":160,"w":114,"h":157},
		"D6F083DA":{"x":1,"y":319,"w":114,"h":157},
		"B7F45A9F":{"x":117,"y":1,"w":114,"h":157},
		"769FE8E0":{"x":117,"y":160,"w":114,"h":157},
		"83B3010D":{"x":117,"y":319,"w":114,"h":157},
		"9E433D19":{"x":233,"y":1,"w":114,"h":157},
		"E24E399D":{"x":233,"y":160,"w":114,"h":157},
		"30739CA5":{"x":233,"y":319,"w":114,"h":157},
		"90B40BA1":{"x":349,"y":1,"w":114,"h":157},
		"45CC4EB5":{"x":349,"y":160,"w":114,"h":157},
		"15D563CD":{"x":349,"y":319,"w":114,"h":157},
		"F7D0B668":{"x":465,"y":1,"w":114,"h":157},
		"8BCA5853":{"x":465,"y":160,"w":114,"h":157},
		"B6A9CF62":{"x":465,"y":319,"w":114,"h":157},
		"EA8A76D":{"x":581,"y":1,"w":114,"h":157},
		"4C883FBE":{"x":581,"y":160,"w":114,"h":157},
		"3841F827":{"x":581,"y":319,"w":114,"h":157},
		"DDACE4A8":{"x":697,"y":1,"w":114,"h":157},
		"9518A63A":{"x":813,"y":1,"w":114,"h":157}
	}}