{"mc":{
	"tt":{
		"frameRate":25,
		"events":[
			
			],
		"frames":[
			
			{
			"res":"BD3353CB",
			"x":-1,
			"y":0
			},
			{
			"res":"5DF4D41D",
			"x":-1,
			"y":0
			},
			{
			"res":"2952FD33",
			"x":-1,
			"y":0
			},
			{
			"res":"32F56244",
			"x":-1,
			"y":0
			},
			{
			"res":"B10B9791",
			"x":-1,
			"y":0
			},
			{
			"res":"D14EB9DE",
			"x":-1,
			"y":0
			},
			{
			"res":"6EF3466B",
			"x":-1,
			"y":0
			},
			{
			"res":"FC8DA9EB",
			"x":-1,
			"y":0
			},
			{
			"res":"B933581C",
			"x":-1,
			"y":0
			},
			{
			"res":"497224C",
			"x":-1,
			"y":0
			},
			{
			"res":"AD6E9F84",
			"x":-1,
			"y":0
			},
			{
			"res":"F5CA5853",
			"x":-1,
			"y":0
			},
			{
			"res":"B9ADC68",
			"x":-1,
			"y":0
			},
			{
			"res":"AC067AE3",
			"x":-1,
			"y":0
			},
			{
			"res":"682009C6",
			"x":-1,
			"y":0
			},
			{
			"res":"28FFCC5B",
			"x":-1,
			"y":0
			},
			{
			"res":"11EDDC0B",
			"x":-1,
			"y":0
			},
			{
			"res":"6A1A0DDA",
			"x":-1,
			"y":0
			},
			{
			"res":"E953EC10",
			"x":-1,
			"y":0
			},
			{
			"res":"EB9F0DA0",
			"x":-1,
			"y":0
			}
			]
}},
	"res":{
		"BD3353CB":{"x":1,"y":1,"w":240,"h":150},
		"5DF4D41D":{"x":243,"y":1,"w":240,"h":150},
		"2952FD33":{"x":485,"y":1,"w":240,"h":150},
		"32F56244":{"x":727,"y":1,"w":240,"h":150},
		"B10B9791":{"x":1,"y":153,"w":240,"h":150},
		"D14EB9DE":{"x":243,"y":153,"w":240,"h":150},
		"6EF3466B":{"x":485,"y":153,"w":240,"h":150},
		"FC8DA9EB":{"x":727,"y":153,"w":240,"h":150},
		"B933581C":{"x":1,"y":305,"w":240,"h":150},
		"497224C":{"x":243,"y":305,"w":240,"h":150},
		"AD6E9F84":{"x":485,"y":305,"w":240,"h":150},
		"F5CA5853":{"x":727,"y":305,"w":240,"h":150},
		"B9ADC68":{"x":1,"y":457,"w":240,"h":150},
		"AC067AE3":{"x":1,"y":609,"w":240,"h":150},
		"682009C6":{"x":1,"y":761,"w":240,"h":150},
		"28FFCC5B":{"x":243,"y":457,"w":240,"h":150},
		"11EDDC0B":{"x":485,"y":457,"w":240,"h":150},
		"6A1A0DDA":{"x":727,"y":457,"w":240,"h":150},
		"E953EC10":{"x":243,"y":609,"w":240,"h":150},
		"EB9F0DA0":{"x":243,"y":761,"w":240,"h":150}
	}}