{"file":"assets.png","frames":{
"start":{"x":1,"y":1,"w":640,"h":1136,"offX":0,"offY":0,"sourceW":640,"sourceH":1136},
"btnGo":{"x":1927,"y":1,"w":40,"h":149,"offX":0,"offY":0,"sourceW":40,"sourceH":149},
"btnStop":{"x":1,"y":1584,"w":209,"h":189,"offX":0,"offY":0,"sourceW":209,"sourceH":189},
"c360":{"x":1,"y":1139,"w":574,"h":443,"offX":0,"offY":0,"sourceW":574,"sourceH":443},
"mask":{"x":643,"y":1,"w":640,"h":1136,"offX":0,"offY":0,"sourceW":640,"sourceH":1136},
"share":{"x":1285,"y":1,"w":640,"h":1136,"offX":0,"offY":0,"sourceW":640,"sourceH":1136}}}