{
  "skins": {
    "eui.Button": "resource/eui_skins/ButtonSkin.exml",
    "eui.CheckBox": "resource/eui_skins/CheckBoxSkin.exml",
    "eui.HScrollBar": "resource/eui_skins/HScrollBarSkin.exml",
    "eui.HSlider": "resource/eui_skins/HSliderSkin.exml",
    "eui.ItemRenderer": "resource/eui_skins/ItemRendererSkin.exml",
    "eui.Panel": "resource/eui_skins/PanelSkin.exml",
    "eui.ProgressBar": "resource/eui_skins/ProgressBarSkin.exml",
    "eui.RadioButton": "resource/eui_skins/RadioButtonSkin.exml",
    "eui.Scroller": "resource/eui_skins/ScrollerSkin.exml",
    "eui.ToggleSwitch": "resource/eui_skins/ToggleSwitchSkin.exml",
    "eui.VScrollBar": "resource/eui_skins/VScrollBarSkin.exml",
    "eui.VSlider": "resource/eui_skins/VSliderSkin.exml"
  },
  "exmls": [
    {
      "path": "resource/skins/GamePanelSkin.exml",
      "content": "<?xml version='1.0' encoding='utf-8'?>\n<e:Skin class=\"StartPanelSkin\" width=\"480\" height=\"756\" xmlns:e=\"http://ns.egret.com/eui\" xmlns:w=\"http://ns.egret.com/wing\">\n\t<e:Image id=\"background\" x=\"0\" y=\"0\" source=\"game_background_png\"/>\n\t<e:Image id=\"btnMusicOn\" x=\"426\" y=\"10\" source=\"btnMusicOn\"/>\n\t<e:Image id=\"btnMusicOff\" source=\"btnMusicOff\" x=\"426\" y=\"9\"/>\n\t<e:Image id=\"tips\" source=\"tips\" x=\"0\" y=\"0\"/>\n</e:Skin>"
    },
    {
      "path": "resource/skins/GuiPanelSkin.exml",
      "content": "<?xml version='1.0' encoding='utf-8'?>\n<e:Skin class=\"GuiPanelSkin\" width=\"480\" height=\"756\" xmlns:e=\"http://ns.egret.com/eui\" xmlns:w=\"http://ns.egret.com/wing\">\n\t<e:Image source=\"guize\" x=\"0\" y=\"0\"/>\n\t<e:Image id=\"btnClose\" source=\"btnClose\" x=\"404\" y=\"195\"/>\n</e:Skin>"
    },
    {
      "path": "resource/skins/OverPanelSkin.exml",
      "content": "<?xml version='1.0' encoding='utf-8'?>\n<e:Skin class=\"StartPanelSkin\" width=\"480\" height=\"756\" xmlns:e=\"http://ns.egret.com/eui\" xmlns:w=\"http://ns.egret.com/wing\">\n\t<e:Image id=\"background\" x=\"0\" y=\"0\" source=\"overbg\"/>\n\t<e:Image id=\"btnLing\" x=\"87\" y=\"440\" source=\"btnLing\"/>\n\t<e:Image id=\"btnShare\" source=\"btnShare\" x=\"264\" y=\"440\"/>\n\t<e:Image id=\"title\" source=\"num1\" y=\"141\" horizontalCenter=\"0\"/>\n\t<e:Image id=\"btnClose\" source=\"btnClose\" x=\"406\" y=\"200\"/>\n\t<e:Label id=\"txtScore\" text=\"100\" x=\"220\" y=\"285\" fontFamily=\"微软雅黑\" size=\"24\" width=\"77\" textAlign=\"center\" bold=\"true\" textColor=\"0xF50808\"/>\n\t<e:Image id=\"share\" source=\"share\" x=\"0\" y=\"0\" visible=\"false\"/>\n</e:Skin>"
    },
    {
      "path": "resource/skins/StartPanelSkin.exml",
      "content": "<?xml version='1.0' encoding='utf-8'?>\n<e:Skin class=\"StartPanelSkin\" width=\"480\" height=\"756\" xmlns:e=\"http://ns.egret.com/eui\" xmlns:w=\"http://ns.egret.com/wing\">\n\t<e:Image id=\"logo\" source=\"logo\" y=\"215\" horizontalCenter=\"0\"/>\n\t<e:Image source=\"startbg\" x=\"0\" y=\"0\"/>\n\t<e:Image id=\"btnGui\" x=\"181\" y=\"698\" source=\"btnGui\"/>\n\t<e:Image id=\"carq\" source=\"carq\" x=\"21\" y=\"444\"/>\n\t<e:Image id=\"btnGo\" y=\"613\" horizontalCenter=\"0.5\" source=\"btnGo\"/>\n\t<e:Image id=\"carh\" source=\"carh\" x=\"362\" y=\"409\"/>\n\t<e:Image id=\"title\" source=\"title\" y=\"73\" horizontalCenter=\"0\"/>\n\t<e:Image id=\"yanjing\" source=\"yanjing\" x=\"159\" y=\"161\"/>\n</e:Skin>"
    }
  ]
}