{
	"groups":[
	{
		"keys":"assets_json,game_json,game_background_png,game_number_fnt,bg_mp3,assets1_json,config_json,mc1_png,mc1_json",
		"name":"preload"
	},
	{
		"keys":"loadingbg_png,mc_json,mc_png",
		"name":"loading"
	}],
	"resources":[
	{
		"name":"assets_json",
		"subkeys":"btnClose,btnGo,btnGui,btnMusicOff,btnMusicOn,carh,carq,guize,startbg,title,yanjing",
		"type":"sheet",
		"url":"assets/assets.json"
	},
	{
		"name":"loadingbg_png",
		"type":"image",
		"url":"assets/loadingbg.png"
	},
	{
		"name":"mc_json",
		"type":"json",
		"url":"assets/mc.json"
	},
	{
		"name":"mc_png",
		"type":"image",
		"url":"assets/mc.png"
	},
	{
		"name":"game_json",
		"subkeys":"game_add_png,game_box1_png,game_box2_png,game_box3_png,game_box4_png,game_oil_png",
		"type":"sheet",
		"url":"assets/game.json"
	},
	{
		"name":"game_background_png",
		"type":"image",
		"url":"assets/game_background.png"
	},
	{
		"name":"game_number_fnt",
		"type":"font",
		"url":"assets/game_number.fnt"
	},
	{
		"name":"bg_mp3",
		"type":"sound",
		"url":"assets/bg.mp3"
	},
	{
		"name":"assets1_json",
		"subkeys":"btnAgain,btnLing,btnShare,num1,num2,num3,num4,overbg,share,tips",
		"type":"sheet",
		"url":"assets/assets1.json"
	},
	{
		"name":"config_json",
		"type":"json",
		"url":"config/config.json"
	},
	{
		"name":"mc1_png",
		"type":"image",
		"url":"assets/mc1.png"
	},
	{
		"name":"mc1_json",
		"type":"json",
		"url":"assets/mc1.json"
	}]
}