{
  "skins": {
    "eui.Button": "resource/eui_skins/ButtonSkin.exml",
    "eui.CheckBox": "resource/eui_skins/CheckBoxSkin.exml",
    "eui.HScrollBar": "resource/eui_skins/HScrollBarSkin.exml",
    "eui.HSlider": "resource/eui_skins/HSliderSkin.exml",
    "eui.ItemRenderer": "resource/eui_skins/ItemRendererSkin.exml",
    "eui.Panel": "resource/eui_skins/PanelSkin.exml",
    "eui.ProgressBar": "resource/eui_skins/ProgressBarSkin.exml",
    "eui.RadioButton": "resource/eui_skins/RadioButtonSkin.exml",
    "eui.Scroller": "resource/eui_skins/ScrollerSkin.exml",
    "eui.ToggleSwitch": "resource/eui_skins/ToggleSwitchSkin.exml",
    "eui.VScrollBar": "resource/eui_skins/VScrollBarSkin.exml",
    "eui.VSlider": "resource/eui_skins/VSliderSkin.exml"
  },
  "exmls": [
    {
      "path": "resource/skins/GamePanelSkin.exml",
      "content": "<?xml version='1.0' encoding='utf-8'?>\n<e:Skin class=\"GamePanelSkin\" width=\"640\" height=\"1136\" xmlns:e=\"http://ns.egret.com/eui\" xmlns:w=\"http://ns.egret.com/wing\">\n\t<e:Image id=\"gamebg\" x=\"0\" y=\"0\" source=\"gamebg\"/>\n\t<e:Image id=\"btnGo\" source=\"btnGo\" x=\"442\" y=\"844\"/>\n\t<e:Image id=\"quan1\" source=\"quan_png\" x=\"0\" y=\"-96\"/>\n\t<e:Image source=\"mask\" x=\"0\" y=\"0\"/>\n\t<e:Image id=\"c360\" horizontalCenter=\"-8\" verticalCenter=\"-14.5\" source=\"c360\"/>\n\t<e:Image id=\"btnStop\" source=\"btnStop\" y=\"843\" horizontalCenter=\"0\"/>\n\t<e:Image id=\"guize\" x=\"0\" y=\"0\" source=\"guize\"/>\n\t<e:Label id=\"txtTime\" x=\"456\" y=\"24\" textColor=\"0xC9B7A3\" width=\"165\" height=\"35\" textAlign=\"center\" text=\"Time:10S\"/>\n</e:Skin>"
    },
    {
      "path": "resource/skins/NoJPanelSkin.exml",
      "content": "<?xml version='1.0' encoding='utf-8'?>\n<e:Skin class=\"NoJPanelSkin\" width=\"640\" height=\"1136\" xmlns:e=\"http://ns.egret.com/eui\" xmlns:w=\"http://ns.egret.com/wing\">\n\t<e:Image source=\"telbg\" x=\"0\" y=\"0\"/>\n</e:Skin>"
    },
    {
      "path": "resource/skins/OverPanelSkin.exml",
      "content": "<?xml version='1.0' encoding='utf-8'?>\n<e:Skin class=\"OverPanelSkin\" width=\"640\" height=\"1136\" xmlns:e=\"http://ns.egret.com/eui\" xmlns:w=\"http://ns.egret.com/wing\">\n\t<e:Group id=\"shibai\" visible=\"false\">\n\t\t<e:Image  x=\"0\" y=\"0\" source=\"shibai\"/>\n\t\t<e:Image id=\"n1\" source=\"n2\" x=\"151\" y=\"389\"/>\n\t\t<e:Image id=\"n2\" source=\"n9\" x=\"289\" y=\"389\"/>\n\t\t<e:Image id=\"btnAgain\" source=\"btnAgain\" y=\"577\" horizontalCenter=\"0.5\"/>\n\t</e:Group>\n\t<e:Group id=\"shengli\" visible=\"false\">\n\t\t<e:Image x=\"0\" y=\"0\" source=\"shengli\"/>\n\t\t<e:Image id=\"n3\" source=\"n2\" x=\"151\" y=\"375\"/>\n\t\t<e:Image id=\"n4\" source=\"n9\" x=\"289\" y=\"375\"/>\n\t\t<e:Image id=\"btnJiang\" source=\"btnJiang\" y=\"797\" horizontalCenter=\"0\"/>\n\t\t<e:Image id=\"btnAgain1\" source=\"btnAgain\" y=\"624\" horizontalCenter=\"0\"/>\n\t</e:Group>\n</e:Skin>"
    },
    {
      "path": "resource/skins/QuanJPanelSkin.exml",
      "content": "<?xml version='1.0' encoding='utf-8'?>\n<e:Skin class=\"QuanJPanelSkin\" width=\"640\" height=\"1136\" xmlns:e=\"http://ns.egret.com/eui\" xmlns:w=\"http://ns.egret.com/wing\">\n\t<e:Image source=\"moviebg_png\" x=\"0\" y=\"0\"/>\n\t<e:Label id=\"txtQuan\" x=\"98\" y=\"472\" width=\"437\" fontFamily=\"微软雅黑\" size=\"30\" height=\"38\"/>\n\t<e:Label id=\"txtMi\" y=\"603\" size=\"30\" fontFamily=\"微软雅黑\" width=\"437\" height=\"38\" x=\"97\"/>\n</e:Skin>"
    },
    {
      "path": "resource/skins/StartPanelSkin.exml",
      "content": "<?xml version='1.0' encoding='utf-8'?>\n<e:Skin class=\"StartPanelSkin\" width=\"640\" height=\"1136\" xmlns:e=\"http://ns.egret.com/eui\" xmlns:w=\"http://ns.egret.com/wing\">\n\t<e:Image source=\"start\" x=\"0\" y=\"0\"/>\n\t<e:Image id=\"btnGo\" source=\"btnGo\" x=\"442\" y=\"844\"/>\n</e:Skin>"
    },
    {
      "path": "resource/skins/WarkJPanelSkin.exml",
      "content": "<?xml version='1.0' encoding='utf-8'?>\n<e:Skin class=\"WarkJPanelSkin\" width=\"640\" height=\"1136\" xmlns:e=\"http://ns.egret.com/eui\" xmlns:w=\"http://ns.egret.com/wing\">\n\t<e:Image source=\"submitbg\" x=\"0\" y=\"0\"/>\n\t<e:EditableText id=\"txtName\" width=\"349\" height=\"36\" x=\"186\" y=\"615\"/>\n\t<e:EditableText id=\"txtAddress\" width=\"349\" y=\"686\" height=\"36\" x=\"186\"/>\n\t<e:EditableText id=\"txtTel\" x=\"185\" width=\"349\" y=\"758\" height=\"36\"/>\n\t<e:Image id=\"btnSubmit\" source=\"btnSubmit\" y=\"850\" horizontalCenter=\"0\"/>\n</e:Skin>"
    }
  ]
}