{
	"groups":[
	{
		"keys":"erweima_png,quan_png,assets_json,assets1_json,assets2_json,moviebg_png",
		"name":"preload"
	},
	{
		"keys":"",
		"name":"loading"
	}],
	"resources":[
	{
		"name":"erweima_png",
		"type":"image",
		"url":"assets/erweima.png"
	},
	{
		"name":"quan_png",
		"type":"image",
		"url":"assets/quan.png"
	},
	{
		"name":"assets_json",
		"subkeys":"btnGo,btnStop,c360,mask,share,start",
		"type":"sheet",
		"url":"assets/assets.json"
	},
	{
		"name":"assets1_json",
		"subkeys":"gamebg,guize,telbg",
		"type":"sheet",
		"url":"assets/assets1.json"
	},
	{
		"name":"assets2_json",
		"subkeys":"btnAgain,btnJiang,btnSubmit,n0,n1,n2,n3,n4,n5,n6,n7,n8,n9,shengli,shibai,submitbg",
		"type":"sheet",
		"url":"assets/assets2.json"
	},
	{
		"name":"moviebg_png",
		"type":"image",
		"url":"assets/moviebg.png"
	}]
}